Latitude,Longitude,MAC
43.13944992,-70.93669234,f0:ab:54:bc:30:eb
43.13877166142857,-70.93581026142859,a0:63:91:a0:a5:33
43.13930605,-70.93666198,c4:49:bb:53:12:aa
43.1393055,-70.93666252,f0:ab:54:37:0f:c7
43.13886626,-70.936066345,b4:5d:50:e4:c8:b2
43.13886626,-70.936066345,b4:5d:50:e4:c8:b0
43.138914695,-70.93616093,b4:5d:50:d9:a1:62
43.13887242,-70.93605895,b4:5d:50:d9:a1:70
43.13887242,-70.93605895,b4:5d:50:d9:a1:72
43.13887242,-70.93605895,b4:5d:50:d9:a1:60
43.13887242,-70.93605895,b4:5d:50:d9:a1:71
43.138823985,-70.935964365,b4:5d:50:e4:c8:b1
43.13867221,-70.93566568333334,b4:5d:50:d9:a1:61
43.13856104749999,-70.9354004425,2c:59:e5:f0:73:4a
43.13829356,-70.93479956499999,b4:5d:50:ec:03:d0
43.13829356,-70.93479956499999,b4:5d:50:ec:03:d1
43.138341135999994,-70.93491517599999,ac:e2:d3:a7:fb:e9
43.13829356,-70.93479956499999,b4:5d:50:ec:03:d2
43.13863292,-70.93555981,b4:5d:50:e4:c1:c1
43.13850135,-70.93527101,b4:5d:50:e4:cf:f0
43.13850135,-70.93527101,b4:5d:50:e4:c3:f2
43.13850135,-70.93527101,b4:5d:50:e4:cf:f2
43.13850135,-70.93527101,b4:5d:50:e4:c1:d2
43.13850135,-70.93527101,b4:5d:50:e4:c1:d0
43.13850135,-70.93527101,b4:5d:50:e4:c8:f0
43.13850135,-70.93527101,b4:5d:50:e4:c8:f2
43.13850135,-70.93527101,a8:bd:27:31:56:22
43.13827893,-70.934771785,a8:bd:27:31:56:20
43.13850135,-70.93527101,b4:5d:50:e4:cf:f1
43.13850135,-70.93527101,b4:5d:50:e4:c1:d1
43.13850135,-70.93527101,b4:5d:50:e4:c8:f1
43.13827893,-70.934771785,a8:bd:27:31:56:21
43.138342460000004,-70.93489446999999,b4:5d:50:e3:12:61
43.138404734999995,-70.935078115,b4:5d:50:e4:c3:e1
43.13850135,-70.93527101,b4:5d:50:d9:a9:21
43.13861177,-70.93553688,00:30:44:1e:8a:45
43.13838745,-70.93502088,34:fc:b9:73:76:01
43.13838745,-70.93502088,34:fc:b9:73:76:00
43.13838745,-70.93502088,b4:5d:50:e4:ce:c1
43.13831127,-70.93475856,b4:5d:50:e4:84:d0
43.13831127,-70.93475856,b4:5d:50:e3:12:72
43.13831127,-70.93475856,b4:5d:50:e4:84:d2
43.13823055,-70.93461169,a8:bd:27:34:28:42
43.13818389,-70.93451556,a8:bd:27:34:28:40
43.13831127,-70.93475856,b4:5d:50:e4:84:d1
43.13831127,-70.93475856,b4:5d:50:e3:12:71
43.13831127,-70.93475856,a8:bd:27:34:28:41
43.1381667,-70.934491375,b4:5d:50:e3:0e:92
43.13818357,-70.93451793,b4:5d:50:e3:12:70
43.13818357,-70.93451793,b4:5d:50:e4:c3:f0
43.13812093333333,-70.93439344000001,b4:5d:50:e3:12:b2
43.13812093333333,-70.93439344000001,b4:5d:50:e3:12:b0
43.1381667,-70.934491375,b4:5d:50:e3:0e:90
43.13818357,-70.93451793,b4:5d:50:e3:12:60
43.13818357,-70.93451793,b4:5d:50:e3:0e:82
43.13818357,-70.93451793,b4:5d:50:e4:c3:f1
43.13812093333333,-70.93439344000001,b4:5d:50:e3:12:b1
43.1381667,-70.934491375,b4:5d:50:e3:0e:91
43.13814983,-70.93446482,b4:5d:50:d9:a0:f2
43.13814983,-70.93446482,b4:5d:50:e3:12:62
43.1377388,-70.93382941499999,b4:5d:50:17:c2:02
43.1377388,-70.93382941499999,b4:5d:50:17:c2:00
43.13814983,-70.93446482,b4:5d:50:e3:0e:80
43.13814983,-70.93446482,b4:5d:50:d9:a0:f1
43.13814983,-70.93446482,b4:5d:50:e3:0e:81
43.137742175,-70.933839165,b4:5d:50:17:c2:01
43.13812272,-70.93438983,b4:5d:50:e3:12:a2
43.13801236,-70.934165055,b4:5d:50:e3:2e:f0
43.13805651,-70.93427256,b4:5d:50:e3:12:a0
43.138005355000004,-70.93415594,b4:5d:50:e3:2e:f1
43.13805651,-70.93427256,b4:5d:50:e3:12:a1
43.13805651,-70.93427256,a8:bd:27:31:53:61
43.13801938,-70.93419115,b4:5d:50:e3:12:f2
43.13801938,-70.93419115,b4:5d:50:e3:12:f0
43.137999205,-70.934148705,b4:5d:50:e3:2e:f2
43.13801938,-70.93419115,a8:bd:27:31:53:70
43.13801938,-70.93419115,84:d4:7e:73:96:40
43.13801938,-70.93419115,84:d4:7e:73:96:42
43.137999205,-70.934148705,b4:5d:50:e3:2e:e2
43.13801938,-70.93419115,b4:5d:50:e4:84:60
43.13799156,-70.93412869,b4:5d:50:e3:2e:e0
43.13801938,-70.93419115,b4:5d:50:e4:84:62
43.13801938,-70.93419115,b4:5d:50:e5:1b:e0
43.13801938,-70.93419115,b4:5d:50:e3:12:e0
43.13801938,-70.93419115,b4:5d:50:e3:12:f1
43.13801938,-70.93419115,a8:bd:27:31:53:71
43.13801938,-70.93419115,84:d4:7e:73:96:41
43.13801938,-70.93419115,b4:5d:50:e4:84:61
43.13799156,-70.93412869,b4:5d:50:e3:2e:e1
43.1379948,-70.934133125,b4:5d:50:d9:9d:c1
43.13801938,-70.93419115,b4:5d:50:e5:1b:e1
43.13726091222222,-70.93307788111112,b4:5d:50:14:26:92
43.137208875714286,-70.93310784857144,b4:5d:50:14:26:90
43.137986735,-70.934133755,84:d4:7e:79:4d:20
43.13721094,-70.9330087425,b4:5d:50:14:26:91
43.13796374,-70.93406623,84:d4:7e:79:4d:32
43.13796374,-70.93406623,84:d4:7e:79:4d:30
43.13772763,-70.93367383,b4:5d:50:e3:14:d2
43.13767214666667,-70.93359755333333,b4:5d:50:e3:14:d0
43.13796374,-70.93406623,b4:5d:50:e3:44:12
43.13796374,-70.93406623,b4:5d:50:e3:44:10
43.13796374,-70.93406623,84:d4:7e:79:4d:22
43.13796374,-70.93406623,b4:5d:50:e3:44:02
43.13796374,-70.93406623,90:84:0d:dd:81:09
43.13796374,-70.93406623,84:d4:7e:79:4d:31
43.13796374,-70.93406623,b4:5d:50:e3:44:11
43.13767214666667,-70.93359755333333,b4:5d:50:e3:14:d1
43.13797022,-70.9340751,b4:5d:50:d9:9d:d0
43.13797022,-70.9340751,b4:5d:50:d9:9d:d2
43.13797022,-70.9340751,b4:5d:50:eb:c9:b0
43.13797022,-70.9340751,b4:5d:50:eb:c9:b2
43.13701347333333,-70.93237612333333,b4:5d:50:14:26:82
43.13797022,-70.9340751,b4:5d:50:d9:9d:c2
43.137805935,-70.93381336499999,b4:5d:50:e3:14:c0
43.137640608000005,-70.933572508,b4:5d:50:e3:14:c2
43.13719487,-70.932811235,b4:5d:50:14:26:80
43.13797022,-70.9340751,b4:5d:50:ec:03:c0
43.13797022,-70.9340751,a8:bd:27:34:2b:c0
43.13797022,-70.9340751,b4:5d:50:d9:9d:d1
43.13797022,-70.9340751,b4:5d:50:eb:c9:b1
43.13797022,-70.9340751,84:d4:7e:79:4d:21
43.13797022,-70.9340751,b4:5d:50:ec:03:c2
43.13796821,-70.93405755,b4:5d:50:d9:af:11
43.13796821,-70.93405755,b4:5d:50:e3:44:01
43.1379542,-70.93403932,b4:5d:50:d9:9d:c0
43.137065635,-70.93260091875001,b4:5d:50:14:26:81
43.137820070000004,-70.93381747000001,b4:5d:50:e3:14:c1
43.1379542,-70.93403932,b4:5d:50:eb:c9:a1
43.13786436,-70.93386146,b4:5d:50:e3:44:00
43.13764165,-70.93355163,b4:5d:50:17:c2:12
43.137921774999995,-70.93407377,a8:bd:27:34:2c:62
43.137921774999995,-70.93407377,a8:bd:27:34:2c:61
43.13754932333333,-70.93349570666668,b4:5d:50:17:c2:10
43.13641705250001,-70.930646385,80:ea:96:ee:0f:e2
43.13732777,-70.93319401,40:b0:34:bc:60:80
43.13732777,-70.93319401,40:e3:d6:54:9b:d1
43.13732777,-70.93319401,40:e3:d6:53:e7:a1
43.1372577,-70.93298964,40:e3:d6:53:18:92
43.1372577,-70.93298964,40:e3:d6:53:18:90
43.1372577,-70.93298964,40:e3:d6:53:e7:b2
43.1372577,-70.93298964,40:e3:d6:53:e7:a0
43.1372577,-70.93298964,40:e3:d6:53:18:91
43.1371354,-70.93286522,40:e3:d6:53:e7:a2
43.136924702499996,-70.933530885,c0:3f:0e:b6:07:a6
43.13666102,-70.93188932333334,b4:5d:50:05:e5:62
43.13667981,-70.93183313000002,b4:5d:50:05:e5:70
43.13667981,-70.93183313000002,b4:5d:50:05:e5:72
43.13682395,-70.932335545,7a:e1:03:4f:9e:a1
43.13667981,-70.93183313000002,b4:5d:50:05:e5:71
43.136882175,-70.932557425,40:e3:d6:5f:66:92
43.136882175,-70.932557425,40:e3:d6:5f:66:90
43.136882175,-70.932557425,40:e3:d6:5f:66:91
43.13682801,-70.93272228,b4:5d:50:e3:17:41
43.13662007,-70.93305836,b4:5d:50:d1:78:81
43.13654588,-70.93320331333334,b4:5d:50:d1:78:82
43.136601865,-70.93308867,b4:5d:50:d1:78:80
43.136592695000004,-70.93314123,84:d4:7e:76:1f:61
43.136601865,-70.93308867,84:d4:7e:76:20:a1
43.13670905,-70.93294638,b4:5d:50:e3:16:90
43.13653577,-70.93326676666668,84:d4:7e:76:1f:72
43.13653173666666,-70.93323548666667,b4:5d:50:d1:78:92
43.13670905,-70.93294638,b4:5d:50:e3:16:91
43.13658065,-70.93313693,84:d4:7e:76:1f:71
43.13657753,-70.93323641,b4:5d:50:d1:78:91
43.13670905,-70.93294638,b4:5d:50:e3:16:81
43.136548115,-70.93317752499999,84:d4:7e:76:1f:70
43.136538945,-70.93323008499999,84:d4:7e:76:1f:62
43.136576675,-70.933370375,84:d4:7e:76:1f:60
43.136548115,-70.93317752499999,84:d4:7e:76:20:a2
43.13645225,-70.93332748,ec:1a:59:33:9d:44
43.13644913,-70.93342695999999,b4:5d:50:d1:78:90
43.13649505,-70.93356734,b4:5d:50:e4:f5:60
43.13645225,-70.93332748,08:3e:8e:41:fe:f8
43.13649505,-70.93356734,b4:5d:50:e4:86:01
43.13649505,-70.93356734,b4:5d:50:e4:f5:61
43.13643391,-70.9334326,b4:5d:50:e3:11:d0
43.13643391,-70.9334326,b4:5d:50:e3:11:d2
43.13643391,-70.9334326,84:d4:7e:76:1d:f2
43.13643391,-70.9334326,84:d4:7e:76:20:b2
43.13643391,-70.9334326,84:d4:7e:76:20:b0
43.13643391,-70.9334326,b4:5d:50:e3:3a:50
43.136471639999996,-70.93357289,84:d4:7e:76:1d:e2
43.136471639999996,-70.93357289,84:d4:7e:76:1d:e0
43.13643391,-70.9334326,84:d4:7e:76:20:a0
43.13648588,-70.9336199,b4:5d:50:e4:86:00
43.13648587,-70.933620655,b4:5d:50:e4:86:02
43.13643391,-70.9334326,b4:5d:50:e3:11:d1
43.13643391,-70.9334326,84:d4:7e:76:20:b1
43.13643391,-70.9334326,b4:5d:50:e3:3a:51
43.136471639999996,-70.93357289,84:d4:7e:76:1d:e1
43.13644601,-70.93352644,b4:5d:50:e5:03:52
43.13644601,-70.93352644,b4:5d:50:e5:03:50
43.13644601,-70.93352644,b4:5d:50:e5:03:51
43.136491930000005,-70.93366682,b4:5d:50:e4:f5:71
43.13647769,-70.93361981,b4:5d:50:e4:f4:21
43.13652361,-70.93376019,b4:5d:50:e4:f5:72
43.13652361,-70.93376019,b4:5d:50:e4:f5:70
43.13650937,-70.93371318,84:d4:7e:76:1d:f0
43.13652361,-70.93376019,b4:5d:50:e4:af:12
43.13652361,-70.93376019,b4:5d:50:e4:af:10
43.13650937,-70.93371318,b4:5d:50:e3:3a:52
43.13650937,-70.93371318,b4:5d:50:e4:f5:62
43.13650937,-70.93371318,b4:5d:50:e3:11:c2
43.13650937,-70.93371318,b4:5d:50:e3:3a:42
43.13650937,-70.93371318,b4:5d:50:e3:3a:40
43.13650937,-70.93371318,b4:5d:50:e4:f4:20
43.137032135,-70.933687185,60:33:4b:e8:3d:3c
43.13650937,-70.93371318,84:d4:7e:76:21:20
43.13650937,-70.93371318,84:d4:7e:76:21:22
43.13650937,-70.93371318,b4:5d:50:e4:f4:22
43.137032135,-70.933687185,60:33:4b:e8:3d:3b
43.13652361,-70.93376019,b4:5d:50:e4:af:11
43.13650937,-70.93371318,84:d4:7e:76:1d:f1
43.13650937,-70.93371318,b4:5d:50:e3:3a:41
43.13650937,-70.93371318,84:d4:7e:76:21:21
43.13650937,-70.93371318,b4:5d:50:d9:99:a1
43.136523405,-70.93375933,b4:5d:50:e4:af:01
43.13650937,-70.93371318,84:d4:7e:73:06:a1
43.136535915,-70.93379153000001,b4:5d:50:e4:86:12
43.13653398,-70.93377586,84:d4:7e:76:21:30
43.136535915,-70.93379153000001,b4:5d:50:e4:86:11
43.13653398,-70.93377586,84:d4:7e:76:21:31
43.136537634999996,-70.93380709499999,b4:5d:50:e4:f3:92
43.13653774000001,-70.93380673249999,b4:5d:50:e4:f3:90
43.136537645000004,-70.93380631999999,b4:5d:50:e4:f3:82
43.13653784,-70.93380795499999,b4:5d:50:e4:86:10
43.13653770333334,-70.93380657666665,b4:5d:50:e4:f3:91
43.13653766,-70.933806375,b4:5d:50:e4:ab:90
43.13653766,-70.933806375,b4:5d:50:e4:ab:92
43.13653748666667,-70.93380645666667,b4:5d:50:e4:aa:d2
43.13653766,-70.933806375,b4:5d:50:d1:78:32
43.13653748666667,-70.93380645666667,b4:5d:50:e4:f8:12
43.13653784500001,-70.93380637,b4:5d:50:e4:f8:10
43.13653748666667,-70.93380645666667,b4:5d:50:e4:aa:d0
43.136537645000004,-70.93380634,b4:5d:50:e4:ab:82
43.136537645000004,-70.93380634,b4:5d:50:e4:ab:80
43.13653765000001,-70.9338059425,b4:5d:50:e4:f3:80
43.13653758666667,-70.93380607666667,b4:5d:50:d1:78:30
43.13653766,-70.933806375,b4:5d:50:e4:ab:91
43.13653766,-70.933806375,b4:5d:50:d1:78:31
43.13653748666667,-70.93380645666667,b4:5d:50:e4:aa:d1
43.13653785,-70.9338072,b4:5d:50:e4:ab:81
43.13653765000001,-70.9338059425,b4:5d:50:e4:f3:81
43.13653772,-70.93380609666667,b4:5d:50:e4:f8:01
43.13653744,-70.93380548,b4:5d:50:e4:87:50
43.13653744,-70.93380548,b4:5d:50:e4:87:52
43.136537583333336,-70.93380552333333,b4:5d:50:e4:fb:f2
43.13653764,-70.93380551,b4:5d:50:e4:fb:f0
43.13653764,-70.93380551,b4:5d:50:e4:f1:52
43.13653764,-70.93380551,b4:5d:50:e4:f1:50
43.13653744,-70.93380548,b4:5d:50:e3:0c:d0
43.13653744,-70.93380548,b4:5d:50:e3:0c:d2
43.13653744,-70.93380548,b4:5d:50:e4:af:00
43.13653744,-70.93380548,b4:5d:50:e4:af:02
43.136532855,-70.93380627,b4:5d:50:e4:87:40
43.13653764,-70.93380551,b4:5d:50:e4:fb:f1
43.13653764,-70.93380551,b4:5d:50:e4:f8:11
43.13653744,-70.93380548,b4:5d:50:e4:87:51
43.13653764,-70.93380551,b4:5d:50:e4:f1:51
43.13653744,-70.93380548,b4:5d:50:e3:0c:d1
43.13653735,-70.93380588333333,b4:5d:50:e4:aa:c1
43.13653744,-70.93380548,b4:5d:50:e3:11:c1
43.13653729,-70.93380605,b4:5d:50:d1:75:a1
43.13653747,-70.93380555,b4:5d:50:d1:75:b0
43.136537655,-70.933805545,b4:5d:50:d1:75:b2
43.13653747,-70.93380555,b4:5d:50:d1:5f:10
43.13653747,-70.93380555,b4:5d:50:d1:5f:12
43.136537305000004,-70.933806085,b4:5d:50:e4:aa:c2
43.136537483333335,-70.93380590333334,b4:5d:50:e4:aa:c0
43.136537305000004,-70.933806085,b4:5d:50:e4:f1:f0
43.136537483333335,-70.93380590333334,b4:5d:50:e4:f1:f2
43.13653747,-70.93380555,b4:5d:50:e4:87:42
43.136537305000004,-70.933806085,b4:5d:50:e4:f8:02
43.136532869999996,-70.933806305,b4:5d:50:e4:f1:42
43.136537305000004,-70.933806085,b4:5d:50:e4:f8:00
43.136537305000004,-70.933806085,b4:5d:50:d1:75:a2
43.13653747,-70.93380555,b4:5d:50:d1:5f:00
43.136537655,-70.933805545,b4:5d:50:d1:75:b1
43.13653747,-70.93380555,b4:5d:50:d1:5f:11
43.136532869999996,-70.933806305,b4:5d:50:e4:f1:41
43.136537305000004,-70.933806085,b4:5d:50:e4:f1:f1
43.13653747,-70.93380555,b4:5d:50:d1:5f:01
43.136532869999996,-70.933806305,b4:5d:50:e4:f1:e1
43.13653784,-70.93380554,b4:5d:50:d1:33:d0
43.13653784,-70.93380554,b4:5d:50:d1:33:d2
43.13653784,-70.93380554,b4:5d:50:d1:78:22
43.13653784,-70.93380554,b4:5d:50:d1:2e:60
43.13653784,-70.93380554,b4:5d:50:d1:2e:62
43.13653784,-70.93380554,b4:5d:50:d1:33:d1
43.13653714,-70.93380662,b4:5d:50:e4:f1:e2
43.13653714,-70.93380662,b4:5d:50:e4:f1:e0
43.13653714,-70.93380662,b4:5d:50:d1:75:a0
43.13653714,-70.93380662,b4:5d:50:d1:1f:40
43.13653714,-70.93380662,b4:5d:50:d1:1f:42
43.13653714,-70.93380662,b4:5d:50:e3:0c:c2
43.13653714,-70.93380662,b4:5d:50:e3:11:c0
43.13653714,-70.93380662,b4:5d:50:d1:33:c2
43.13653714,-70.93380662,b4:5d:50:e3:0c:c1
43.13653714,-70.93380662,b4:5d:50:d1:78:21
43.13653714,-70.93380662,b4:5d:50:d1:33:c1
43.13652827,-70.93380706,b4:5d:50:e4:fb:e2
43.13652827,-70.93380706,b4:5d:50:e4:87:41
43.13621413,-70.93411939,84:d4:7e:71:e1:32
43.13621413,-70.93411939,84:d4:7e:79:0d:10
43.13621413,-70.93411939,84:d4:7e:79:0d:12
43.13621413,-70.93411939,b4:5d:50:d9:e8:32
43.13621413,-70.93411939,84:d4:7e:71:e1:30
43.13621413,-70.93411939,b4:5d:50:d1:78:72
43.13621413,-70.93411939,b4:5d:50:d1:78:70
43.13621413,-70.93411939,84:d4:7e:79:0d:02
43.13621413,-70.93411939,84:d4:7e:79:0d:00
43.13621413,-70.93411939,84:d4:7e:79:0d:11
43.13621413,-70.93411939,84:d4:7e:71:e1:31
43.13621413,-70.93411939,b4:5d:50:d1:78:71
43.1360401,-70.93430896,b4:5d:50:d9:3e:30
43.1360401,-70.93430896,b4:5d:50:d9:3e:32
43.1360401,-70.93430896,b4:5d:50:d9:e8:30
43.1360401,-70.93430896,b4:5d:50:d1:7b:32
43.1360401,-70.93430896,b4:5d:50:d1:26:10
43.1360401,-70.93430896,84:d4:7e:72:63:70
43.1360401,-70.93430896,84:d4:7e:72:63:72
43.1360401,-70.93430896,b4:5d:50:d1:26:12
43.1360401,-70.93430896,b4:5d:50:d1:7b:30
43.1360401,-70.93430896,b4:5d:50:d9:a5:02
43.1360401,-70.93430896,b4:5d:50:d9:a5:00
43.1360401,-70.93430896,84:d4:7e:72:63:60
43.1360401,-70.93430896,b4:5d:50:d9:3e:22
43.1360401,-70.93430896,84:d4:7e:71:e1:22
43.1360401,-70.93430896,84:d4:7e:71:e1:20
43.1360401,-70.93430896,84:d4:7e:76:1e:80
43.1360401,-70.93430896,84:d4:7e:72:63:62
43.1360401,-70.93430896,84:d4:7e:76:1e:82
43.1360401,-70.93430896,b4:5d:50:d9:3e:20
43.1360401,-70.93430896,b4:5d:50:d1:7b:22
43.1360401,-70.93430896,b4:5d:50:d1:78:62
43.1360401,-70.93430896,b4:5d:50:d1:78:60
43.1360401,-70.93430896,b4:5d:50:d1:7b:20
43.1360401,-70.93430896,b4:5d:50:d9:e8:20
43.1360401,-70.93430896,b4:5d:50:d9:e8:22
43.1360401,-70.93430896,b4:5d:50:d9:3e:31
43.1360401,-70.93430896,b4:5d:50:d9:e8:31
43.1360401,-70.93430896,b4:5d:50:d9:a5:01
43.1360401,-70.93430896,84:d4:7e:72:63:71
43.1360401,-70.93430896,b4:5d:50:d1:7b:31
43.1360401,-70.93430896,b4:5d:50:d9:3e:21
43.136019435,-70.93433949,b4:5d:50:d1:26:11
43.1360401,-70.93430896,84:d4:7e:76:1e:81
43.1360401,-70.93430896,b4:5d:50:d1:78:61
43.1360401,-70.93430896,84:d4:7e:71:e1:21
43.1360401,-70.93430896,84:d4:7e:79:0d:01
43.1360401,-70.93430896,b4:5d:50:d1:26:01
43.13599877,-70.93437002,b4:5d:50:d1:7b:21
43.13599877,-70.93437002,b4:5d:50:d9:a8:41
43.13574901,-70.93452291,84:d4:7e:72:63:61
43.13574901,-70.93452291,84:d4:7e:62:ca:83
43.13572416,-70.93453736,b4:5d:50:e2:f0:12
43.13572416,-70.93453736,b4:5d:50:e2:f0:10
43.135459005,-70.93474126999999,b4:5d:50:e2:f0:00
43.13572416,-70.93453736,b4:5d:50:e2:f0:11
43.13566749,-70.93461589,b4:5d:50:e2:f0:02
43.13519385,-70.93494518,b4:5d:50:e4:99:52
43.13519385,-70.93494518,b4:5d:50:e2:f5:62
43.13519385,-70.93494518,b4:5d:50:e2:f0:01
43.13519385,-70.93494518,b4:5d:50:e2:f4:32
43.13519385,-70.93494518,b4:5d:50:e2:f4:30
43.13519385,-70.93494518,b4:5d:50:e2:f4:22
43.13519385,-70.93494518,b4:5d:50:e2:f4:31
43.13519385,-70.93494518,b4:5d:50:e2:f4:21
43.13503197,-70.93496267,00:30:44:28:29:e4
43.13490665,-70.93483324,fa:8f:ca:7b:53:6d
43.13490665,-70.93483324,b4:5d:50:e5:1a:52
43.13490665,-70.93483324,b4:5d:50:e5:1a:50
43.13490665,-70.93483324,b4:5d:50:e4:f8:e0
43.13490665,-70.93483324,b4:5d:50:e5:1a:42
43.13490665,-70.93483324,b4:5d:50:e5:1a:51
43.13490665,-70.93483324,b4:5d:50:e5:1a:41
43.13471543,-70.93445417,b4:5d:50:e5:1c:b2
43.13471543,-70.93445417,b4:5d:50:e5:1c:b0
43.13471543,-70.93445417,b4:5d:50:e5:1c:a2
43.13471543,-70.93445417,b4:5d:50:e5:1c:a0
43.13471543,-70.93445417,b4:5d:50:e5:1c:b1
43.13471543,-70.93445417,b4:5d:50:e5:1c:a1
43.13436436666666,-70.93381582333335,b4:5d:50:e4:53:f0
43.134218203333326,-70.93356781666667,b4:5d:50:e4:53:e1
43.13421054666666,-70.93356198000001,b4:5d:50:e4:53:f2
43.13433369,-70.93380202,14:91:82:ef:ac:16
43.134254514999995,-70.93364295500001,b4:5d:50:e4:53:f1
43.13410347,-70.93338864500001,b4:5d:50:e4:57:52
43.133807645000005,-70.932952465,b4:5d:50:e2:fe:92
43.13410347,-70.93338864500001,b4:5d:50:e4:57:50
43.13417534,-70.93348389,84:d4:7e:71:ee:30
43.133807645000005,-70.932952465,b4:5d:50:e2:fe:90
43.13417534,-70.93348389,84:d4:7e:71:ee:32
43.134148975,-70.93344196000001,b4:5d:50:e4:53:e0
43.134148975,-70.93344196000001,b4:5d:50:e4:53:e2
43.13417534,-70.93348389,b4:5d:50:e2:fe:80
43.13417534,-70.93348389,84:d4:7e:71:ee:22
43.13417534,-70.93348389,b4:5d:50:e2:fe:82
43.13417534,-70.93348389,84:d4:7e:71:ee:20
43.13410347,-70.93338864500001,b4:5d:50:e4:57:51
43.133807645000005,-70.932952465,b4:5d:50:e2:fe:91
43.13417534,-70.93348389,84:d4:7e:71:ee:31
43.13410347,-70.93338864500001,b4:5d:50:e4:84:01
43.13410347,-70.93338864500001,b4:5d:50:e4:57:41
43.134090595,-70.93335156500001,b4:5d:50:e4:5b:41
43.13417534,-70.93348389,84:d4:7e:71:ee:21
43.13412261,-70.93340003,b4:5d:50:e4:84:12
43.13412261,-70.93340003,b4:5d:50:e4:84:10
43.13412261,-70.93340003,b4:5d:50:e4:dd:e0
43.13412261,-70.93340003,b4:5d:50:e4:dd:e2
43.134077105,-70.933346715,b4:5d:50:e4:57:40
43.134077105,-70.933346715,b4:5d:50:e4:57:42
43.13412261,-70.93340003,b4:5d:50:e4:84:11
43.13412261,-70.93340003,b4:5d:50:e4:dd:e1
43.13412261,-70.93340003,b4:5d:50:e4:5a:01
43.134077105,-70.933346715,b4:5d:50:e4:55:01
43.134018725000004,-70.93325632,b4:5d:50:e5:1c:d2
43.13400172000001,-70.93321898333333,b4:5d:50:e5:1c:d0
43.1340316,-70.9332934,b4:5d:50:e4:84:02
43.134018725000004,-70.93325632,b4:5d:50:e4:5b:42
43.134018725000004,-70.93325632,b4:5d:50:e4:5b:40
43.13400172000001,-70.93321898333333,b4:5d:50:e5:1c:c0
43.13400172000001,-70.93321898333333,b4:5d:50:e5:1c:c2
43.13400172000001,-70.93321898333333,b4:5d:50:e5:1c:d1
43.133999655,-70.933218855,b4:5d:50:e5:1c:c1
43.13400585,-70.93321924,b4:5d:50:e5:18:90
43.13400585,-70.93321924,b4:5d:50:e5:18:92
43.13400585,-70.93321924,84:d4:7e:72:17:f2
43.13400585,-70.93321924,b4:5d:50:e4:8f:12
43.13400585,-70.93321924,b4:5d:50:e5:1e:72
43.13400585,-70.93321924,b4:5d:50:e4:54:f0
43.13400585,-70.93321924,b4:5d:50:e4:8f:10
43.13400585,-70.93321924,b4:5d:50:e2:fc:d2
43.13400585,-70.93321924,b4:5d:50:e4:8f:02
43.13400585,-70.93321924,b4:5d:50:e4:8f:00
43.133955195,-70.93313867,b4:5d:50:e4:54:f2
43.13398678,-70.93318177500001,b4:5d:50:e4:5d:82
43.13400585,-70.93321924,b4:5d:50:e4:fc:40
43.13400585,-70.93321924,b4:5d:50:e4:fc:42
43.13400585,-70.93321924,b4:5d:50:e4:55:00
43.13400585,-70.93321924,84:d4:7e:75:12:20
43.13398678,-70.93318177500001,b4:5d:50:e4:5d:80
43.13400585,-70.93321924,b4:5d:50:e4:84:00
43.13400585,-70.93321924,b4:5d:50:e5:18:91
43.13400585,-70.93321924,b4:5d:50:e5:1e:71
43.13400585,-70.93321924,84:d4:7e:72:17:f1
43.13400585,-70.93321924,b4:5d:50:e4:54:f1
43.13400585,-70.93321924,b4:5d:50:e4:8f:11
43.13400585,-70.93321924,b4:5d:50:e4:8f:01
43.13400585,-70.93321924,b4:5d:50:e5:18:81
43.13400585,-70.93321924,84:d4:7e:72:17:e1
43.13398678,-70.93318177500001,b4:5d:50:e4:5d:81
43.13400585,-70.93321924,84:d4:7e:75:12:21
43.13400585,-70.93321924,b4:5d:50:e4:fb:c1
43.133955195,-70.93313867,84:d4:7e:71:f1:d1
43.13400585,-70.93321924,b4:5d:50:e4:fc:41
43.13400585,-70.93321924,84:d4:7e:71:fb:81
43.13400585,-70.93321924,b4:5d:50:e2:fc:c1
43.13400585,-70.93321924,84:d4:7e:71:f1:c1
43.13396771,-70.93314431,b4:5d:50:e4:5d:92
43.13396771,-70.93314431,b4:5d:50:e4:5d:90
43.13396771,-70.93314431,b4:5d:50:e2:f5:12
43.13396771,-70.93314431,b4:5d:50:e2:f5:10
43.13396771,-70.93314431,b4:5d:50:e5:18:82
43.13396771,-70.93314431,b4:5d:50:e2:f5:11
43.13396771,-70.93314431,b4:5d:50:e4:54:e1
43.13390454,-70.9330581,b4:5d:50:e5:1e:10
43.13390454,-70.9330581,b4:5d:50:e5:1e:70
43.13390454,-70.9330581,84:d4:7e:73:a0:72
43.13390454,-70.9330581,84:d4:7e:71:f1:d2
43.13390454,-70.9330581,b4:5d:50:e5:1e:12
43.13390454,-70.9330581,b4:5d:50:e2:fc:d0
43.13390454,-70.9330581,84:d4:7e:73:a0:70
43.13390454,-70.9330581,84:d4:7e:71:f1:d0
43.13390454,-70.9330581,b4:5d:50:e2:f5:02
43.13390454,-70.9330581,b4:5d:50:e2:f5:00
43.13390454,-70.9330581,b4:5d:50:e2:ef:11
43.13390454,-70.9330581,b4:5d:50:e5:1e:11
43.13390454,-70.9330581,84:d4:7e:73:a0:71
43.13390454,-70.9330581,b4:5d:50:e2:fc:d1
43.13390454,-70.9330581,b4:5d:50:e2:f5:01
43.13383173,-70.93300847,b4:5d:50:e2:f2:d2
43.13383173,-70.93300847,b4:5d:50:e4:54:e2
43.13383173,-70.93300847,b4:5d:50:e4:54:e0
43.13361728,-70.932664315,b4:5d:50:e2:fe:81
43.13375025,-70.93284321,b4:5d:50:e2:ef:10
43.13375025,-70.93284321,b4:5d:50:e5:1e:f0
43.13375025,-70.93284321,b4:5d:50:e5:1e:f2
43.13371957,-70.932807935,b4:5d:50:e2:ef:12
43.13371957,-70.932807935,84:d4:7e:79:45:c2
43.13371957,-70.932807935,b4:5d:50:e5:1e:60
43.13375025,-70.93284321,b4:5d:50:e5:1e:f1
43.13371957,-70.932807935,b4:5d:50:e5:1e:61
43.13368889,-70.93277266,b4:5d:50:e5:1e:62
43.13368889,-70.93277266,84:d4:7e:79:45:c0
43.13368889,-70.93277266,b4:5d:50:e5:1e:e0
43.13368889,-70.93277266,b4:5d:50:e3:0f:60
43.13368889,-70.93277266,84:d4:7e:79:45:c1
43.13368889,-70.93277266,b4:5d:50:e5:1e:e1
43.13343995,-70.93242104,b4:5d:50:e5:19:32
43.13343995,-70.93242104,b4:5d:50:e5:19:30
43.13343995,-70.93242104,b4:5d:50:e3:1c:d2
43.13343995,-70.93242104,b4:5d:50:e3:18:92
43.13343995,-70.93242104,b4:5d:50:e3:18:90
43.13343995,-70.93242104,b4:5d:50:e3:1c:d0
43.13343995,-70.93242104,40:e3:d6:50:4c:92
43.13343995,-70.93242104,84:d4:7e:79:45:d2
43.13343995,-70.93242104,b4:5d:50:e3:17:90
43.13343995,-70.93242104,84:d4:7e:79:45:d0
43.13343995,-70.93242104,b4:5d:50:e3:17:92
43.13343995,-70.93242104,84:d4:7e:72:3d:f0
43.13343995,-70.93242104,b4:5d:50:e3:95:30
43.13343995,-70.93242104,b4:5d:50:e3:95:32
43.13343995,-70.93242104,b4:5d:50:e3:0f:72
43.13343995,-70.93242104,b4:5d:50:e2:f2:52
43.13343995,-70.93242104,b4:5d:50:e2:f2:50
43.13343995,-70.93242104,84:d4:7e:72:3d:f2
43.13343995,-70.93242104,84:d4:7e:73:45:92
43.13343995,-70.93242104,84:d4:7e:72:2c:92
43.13343995,-70.93242104,84:d4:7e:72:2c:90
43.13343995,-70.93242104,b4:5d:50:e5:19:22
43.13343995,-70.93242104,b4:5d:50:e5:19:20
43.13343995,-70.93242104,84:d4:7e:73:45:90
43.13343995,-70.93242104,72:f0:87:8a:0c:02
43.13343995,-70.93242104,b4:5d:50:e3:18:82
43.133295775,-70.93214613,b4:5d:50:e3:18:80
43.13343995,-70.93242104,b4:5d:50:e2:f2:40
43.13343995,-70.93242104,b4:5d:50:e5:19:31
43.13343995,-70.93242104,b4:5d:50:e3:1c:d1
43.13343995,-70.93242104,b4:5d:50:e3:18:91
43.13343995,-70.93242104,84:d4:7e:79:45:d1
43.13343995,-70.93242104,b4:5d:50:e3:17:91
43.13343995,-70.93242104,b4:5d:50:e3:95:31
43.13343995,-70.93242104,b4:5d:50:e3:c9:91
43.13343995,-70.93242104,b4:5d:50:e2:f2:51
43.13343995,-70.93242104,84:d4:7e:72:3d:f1
43.13343995,-70.93242104,84:d4:7e:72:2c:91
43.13343995,-70.93242104,b4:5d:50:e5:19:21
43.13343995,-70.93242104,84:d4:7e:73:45:91
43.13343995,-70.93242104,b4:5d:50:e3:18:81
43.13343995,-70.93242104,b4:5d:50:e3:95:e1
43.13343995,-70.93242104,b4:5d:50:e5:1d:c1
43.13343995,-70.93242104,b4:5d:50:e2:f2:41
43.13343995,-70.93242104,84:d4:7e:75:12:61
43.133402765,-70.932353885,84:d4:7e:74:0a:81
43.13339865,-70.93235698,84:d4:7e:74:0a:90
43.13339865,-70.93235698,84:d4:7e:74:0a:92
43.13339865,-70.93235698,b4:5d:50:e3:c9:90
43.13339865,-70.93235698,b4:5d:50:e3:c9:92
43.13339865,-70.93235698,b4:5d:50:e5:1d:c0
43.13339865,-70.93235698,b4:5d:50:e5:1d:c2
43.13339865,-70.93235698,84:d4:7e:74:0a:91
43.13339865,-70.93235698,84:d4:7e:72:3d:e1
43.13327131,-70.932076415,b4:5d:50:e3:20:21
43.13336558,-70.93228673,b4:5d:50:e3:17:32
43.13336558,-70.93228673,b4:5d:50:e3:17:30
43.13336558,-70.93228673,84:d4:7e:74:0a:82
43.13336558,-70.93228673,84:d4:7e:74:0a:80
43.13336558,-70.93228673,b4:5d:50:e3:20:31
43.13336558,-70.93228673,b4:5d:50:e3:17:31
43.13336558,-70.93228673,84:d4:7e:76:18:01
43.13307775,-70.93193206000001,b4:5d:50:e3:1a:81
43.13333418,-70.93223332,84:d4:7e:72:ec:10
43.13333418,-70.93223332,84:d4:7e:72:ec:12
43.13333418,-70.93223332,84:d4:7e:72:ec:11
43.13333418,-70.93223332,84:d4:7e:73:45:81
43.1331516,-70.93187122,b4:5d:50:e3:20:30
43.1331516,-70.93187122,b4:5d:50:e3:20:32
43.1331516,-70.93187122,84:d4:7e:76:15:f2
43.1331516,-70.93187122,84:d4:7e:71:d8:d2
43.1331516,-70.93187122,84:d4:7e:76:15:f0
43.1331516,-70.93187122,84:d4:7e:76:18:12
43.1331516,-70.93187122,84:d4:7e:76:18:10
43.1331516,-70.93187122,84:d4:7e:71:d8:f0
43.1331516,-70.93187122,84:d4:7e:71:d8:f2
43.1331516,-70.93187122,b4:5d:50:e3:17:80
43.1331516,-70.93187122,b4:5d:50:e3:17:82
43.1331516,-70.93187122,84:d4:7e:76:15:e2
43.1331516,-70.93187122,84:d4:7e:76:18:11
43.1331516,-70.93187122,84:d4:7e:71:d8:f1
43.1331516,-70.93187122,b4:5d:50:e3:17:81
43.1331516,-70.93187122,84:d4:7e:71:d8:e1
43.13314397,-70.93179585,84:d4:7e:73:e7:32
43.13314397,-70.93179585,84:d4:7e:73:e7:30
43.133092315,-70.931617055,84:d4:7e:72:a5:f0
43.13314397,-70.93179585,b4:5d:50:e3:20:22
43.13314397,-70.93179585,b4:5d:50:e3:20:20
43.13273640333333,-70.93113550666666,78:f2:9e:65:43:88
43.13286037,-70.93124066499999,78:f2:9e:65:43:8b
43.13314397,-70.93179585,84:d4:7e:73:e7:31
43.13314397,-70.93179585,b4:5d:50:e3:1e:71
43.13313749,-70.93174284,84:d4:7e:73:0f:90
43.13313749,-70.93174284,84:d4:7e:73:0f:92
43.13313749,-70.93174284,40:e3:d6:50:4c:90
43.13313749,-70.93174284,84:d4:7e:73:0f:91
43.13285333,-70.9317621,84:d4:7e:71:dd:91
43.13313721,-70.93170713,b4:5d:50:e3:c9:82
43.13313721,-70.93170713,40:b0:34:aa:fe:c9
43.13313721,-70.93170713,b4:5d:50:e3:c9:81
43.13314897,-70.93165614,b4:5d:50:e3:1c:f0
43.13314897,-70.93165614,b4:5d:50:e3:1c:f2
43.133145195,-70.931625865,f4:30:b9:b1:af:18
43.13264858,-70.93163576,b4:5d:50:e3:1c:f1
43.13314897,-70.93165614,40:e3:d6:50:4c:91
43.13314897,-70.93165614,84:d4:7e:73:43:f1
43.13314142,-70.93159559,40:e3:d6:53:80:41
43.13311893,-70.93151291,b4:5d:50:e4:51:b2
43.13311893,-70.93151291,b4:5d:50:e4:51:b0
43.13311893,-70.93151291,84:d4:7e:73:e7:22
43.13311893,-70.93151291,84:d4:7e:73:e7:20
43.13311893,-70.93151291,40:e3:d6:53:89:82
43.13311893,-70.93151291,b4:5d:50:e4:51:b1
43.13311893,-70.93151291,08:ed:b9:56:5b:7c
43.13283232,-70.93161974,84:d4:7e:71:dd:92
43.13283232,-70.93161974,84:d4:7e:71:dd:90
43.13309547,-70.93145812,84:d4:7e:75:81:50
43.13309547,-70.93145812,40:e3:d6:53:55:50
43.133068065,-70.93144819,40:e3:d6:53:55:52
43.13309547,-70.93145812,84:d4:7e:75:81:51
43.133068065,-70.93144819,40:e3:d6:53:55:51
43.13309547,-70.93145812,40:e3:d6:53:59:61
43.13304066,-70.93143826,84:d4:7e:72:a5:f2
43.13304066,-70.93143826,2c:59:e5:b6:a4:e8
43.13304066,-70.93143826,84:d4:7e:72:a5:f1
43.13299918,-70.93147901,84:d4:7e:71:d9:d0
43.132951995,-70.93150819499999,b4:5d:50:e3:16:52
43.132951995,-70.93150819499999,84:d4:7e:71:d9:d2
43.132784175,-70.931630185,b4:5d:50:e3:1c:e0
43.132839055,-70.93157822500001,b4:5d:50:e3:1c:e2
43.13299918,-70.93147901,84:d4:7e:71:d9:c0
43.13299918,-70.93147901,84:d4:7e:71:d9:c2
43.13286008,-70.93154804,84:d4:7e:71:d9:d1
43.132951995,-70.93150819499999,b4:5d:50:e3:16:51
43.13278609,-70.93161258666667,b4:5d:50:e3:1c:e1
43.13299918,-70.93147901,84:d4:7e:72:a5:e1
43.13299918,-70.93147901,84:d4:7e:71:d9:c1
43.13290481,-70.93153738,b4:5d:50:e3:16:50
43.13255594,-70.931515195,b4:5d:50:e4:f5:30
43.13241337666667,-70.9315501,b4:5d:50:e4:f5:32
43.132812895,-70.931577225,b4:5d:50:e4:f5:31
43.132679545,-70.931679375,84:d4:7e:71:dd:82
43.132679545,-70.931679375,84:d4:7e:73:0f:82
43.13278992,-70.93157739,b4:5d:50:e3:1a:82
43.13264653,-70.93170576,84:d4:7e:71:dd:80
43.132679545,-70.931679375,84:d4:7e:73:0f:80
43.132588209999994,-70.93112633333334,78:f2:9e:65:43:8d
43.132588209999994,-70.93112633333334,78:f2:9e:65:43:8e
43.132679545,-70.931679375,84:d4:7e:73:0f:81
43.13261838666667,-70.93106268666666,78:f2:9e:65:43:8a
43.13272098,-70.93161707,84:d4:7e:72:35:32
43.13261206,-70.9317256,84:d4:7e:71:dd:81
43.132591035,-70.93175578500001,84:d4:7e:72:35:30
43.13256917,-70.93178136,b4:5d:50:e2:ef:32
43.132536155,-70.931807745,b4:5d:50:e3:1a:72
43.132536155,-70.931807745,b4:5d:50:e3:1a:70
43.1323722737037,-70.93149408925926,b4:5d:50:e4:ef:d2
43.13235910555555,-70.9316735538889,b4:5d:50:e4:ef:d0
43.13256917,-70.93178136,56:13:79:0b:5b:c9
43.13256917,-70.93178136,b4:5d:50:e4:f5:20
43.13256917,-70.93178136,84:d4:7e:72:35:22
43.13256917,-70.93178136,b4:5d:50:e4:f5:22
43.13256917,-70.93178136,b4:5d:50:e4:ef:c0
43.13256917,-70.93178136,b4:5d:50:e4:ef:c2
43.132536155,-70.931807745,b4:5d:50:e3:1a:71
43.13235910555555,-70.9316735538889,b4:5d:50:e4:ef:d1
43.132536155,-70.931807745,84:d4:7e:72:35:31
43.13256917,-70.93178136,84:d4:7e:72:35:21
43.13256917,-70.93178136,b4:5d:50:e4:f5:21
43.13250314,-70.93183413,b4:5d:50:e5:03:b2
43.13250314,-70.93183413,b4:5d:50:e5:03:b0
43.13250314,-70.93183413,b4:5d:50:e2:ef:22
43.13250314,-70.93183413,b4:5d:50:e5:03:b1
43.13231226,-70.93185503,40:e3:d6:54:4e:d2
43.13231226,-70.93185503,40:e3:d6:54:4e:d0
43.13231226,-70.93185503,40:e3:d6:54:4e:d1
43.13231226,-70.93185503,b4:5d:50:e3:1a:61
43.13216866,-70.9316053,58:ef:68:94:f2:aa
43.13215041,-70.93159297,74:85:2a:cd:83:f6
43.13215041,-70.93159297,8c:0f:6f:03:1a:a6
43.13215041,-70.93159297,8c:0f:6f:03:1a:a5
43.13215041,-70.93159297,96:0f:6f:02:d3:70
43.13218491,-70.93151995,b4:5d:50:e2:ef:30
43.13220707,-70.93149301,84:d4:7e:6c:71:01
43.13239861,-70.93113516,98:e7:f4:c9:76:b8
43.132993524999996,-70.9303646525,b4:5d:50:05:e5:e0
43.13239861,-70.93113516,f8:8e:85:7c:0b:f1
43.13239861,-70.93113516,b4:5d:50:e5:03:a1
43.13253262,-70.930805335,76:03:bd:14:5d:81
43.13253262,-70.930805335,74:03:bd:14:5d:80
43.13248847,-70.93092519,fa:8f:ca:87:a3:d4
43.13248847,-70.93092519,84:d4:7e:6c:89:41
43.13248847,-70.93092519,84:d4:7e:61:e1:a1
43.13248847,-70.93092519,84:d4:7e:62:2d:d0
43.132561644999996,-70.930777,84:d4:7e:62:2d:d2
43.13248847,-70.93092519,84:d4:7e:62:2d:d1
43.13253262,-70.930805335,84:d4:7e:62:2d:c1
43.13268352,-70.93063425333334,b4:5d:50:05:e5:f0
43.13268352,-70.93063425333334,b4:5d:50:05:e5:f2
43.13248624,-70.93087642,84:d4:7e:61:e6:50
43.13248624,-70.93087642,84:d4:7e:61:e6:52
43.13272001,-70.93059805249999,b4:5d:50:05:e5:e2
43.13248624,-70.93087642,84:d4:7e:6c:2f:c2
43.13248624,-70.93087642,84:d4:7e:6c:2f:c0
43.13268352,-70.93063425333334,b4:5d:50:05:e5:f1
43.13248624,-70.93087642,84:d4:7e:61:e6:51
43.13248624,-70.93087642,84:d4:7e:6c:2f:c1
43.13257677,-70.93068548,84:d4:7e:62:2d:c0
43.13257677,-70.93068548,84:d4:7e:62:2d:c2
43.13257677,-70.93068548,f8:7b:8c:5c:ac:4e
43.13263482,-70.93062881,84:d4:7e:6f:61:10
43.13263482,-70.93062881,84:d4:7e:6f:61:12
43.13263482,-70.93062881,84:d4:7e:6c:b5:32
43.132905305,-70.930401615,84:d4:7e:61:e4:70
43.13263482,-70.93062881,84:d4:7e:61:e6:40
43.13263482,-70.93062881,84:d4:7e:61:e6:42
43.13263482,-70.93062881,84:d4:7e:6c:89:40
43.13263482,-70.93062881,84:d4:7e:6c:89:42
43.13263482,-70.93062881,62:45:b6:0d:40:3c
43.13263482,-70.93062881,84:d4:7e:6f:61:11
43.13263482,-70.93062881,84:d4:7e:61:e4:71
43.13263482,-70.93062881,84:d4:7e:61:e6:41
43.13267182,-70.93058856,84:d4:7e:6c:89:50
43.13267182,-70.93058856,84:d4:7e:6c:89:51
43.13280333,-70.93052876,84:d4:7e:61:e4:72
43.13280333,-70.93052876,40:e3:d6:64:45:50
43.13280333,-70.93052876,40:e3:d6:64:45:52
43.13280333,-70.93052876,84:d4:7e:61:ec:10
43.13280333,-70.93052876,84:d4:7e:61:ec:12
43.13280333,-70.93052876,ec:8e:b5:f6:4c:12
43.132884770000004,-70.93045352,b4:5d:50:05:e0:42
43.13280333,-70.93052876,40:e3:d6:64:45:51
43.13280333,-70.93052876,84:d4:7e:61:ec:11
43.132847915,-70.93048327,b4:5d:50:05:e5:e1
43.13282948,-70.93048945,40:e3:d6:53:8e:70
43.13282948,-70.93048945,40:e3:d6:53:8e:72
43.13282948,-70.93048945,84:d4:7e:62:77:70
43.13282948,-70.93048945,40:e3:d6:54:1d:50
43.13282948,-70.93048945,40:e3:d6:54:1d:52
43.13282948,-70.93048945,46:d2:44:84:98:db
43.13282948,-70.93048945,40:e3:d6:54:1d:40
43.13282948,-70.93048945,40:e3:d6:54:1d:42
43.13282948,-70.93048945,84:d4:7e:6f:61:00
43.13282948,-70.93048945,84:d4:7e:6f:61:02
43.13282948,-70.93048945,a8:bd:27:34:2d:42
43.13282948,-70.93048945,a8:bd:27:34:2d:40
43.13282948,-70.93048945,40:e3:d6:53:8e:71
43.13282948,-70.93048945,84:d4:7e:6f:61:01
43.13282948,-70.93048945,40:e3:d6:54:1d:41
43.13282948,-70.93048945,a8:bd:27:34:2d:41
43.1328925,-70.93043778,b4:5d:50:05:e0:50
43.1328925,-70.93043778,b4:5d:50:05:e0:52
43.1328925,-70.93043778,40:e3:d6:64:45:40
43.1328925,-70.93043778,84:d4:7e:6c:7e:22
43.1328925,-70.93043778,40:e3:d6:64:45:42
43.1328925,-70.93043778,b4:5d:50:05:e0:51
43.1328925,-70.93043778,40:e3:d6:64:45:41
43.1328925,-70.93043778,84:d4:7e:6c:7e:21
43.13296621,-70.93037828,84:d4:7e:61:e0:d2
43.13296621,-70.93037828,84:d4:7e:61:e0:d0
43.13296621,-70.93037828,b4:5d:50:05:e0:40
43.13310299,-70.93023371,84:d4:7e:62:30:12
43.13319559333333,-70.93012491,84:d4:7e:61:e0:90
43.13313939,-70.930204065,84:d4:7e:61:e0:92
43.13322692,-70.93009623500001,84:d4:7e:61:e0:91
43.133211945,-70.93012196000001,84:d4:7e:61:e0:81
43.13317579,-70.93017442,84:d4:7e:62:30:10
43.13317579,-70.93017442,84:d4:7e:61:e4:60
43.13317579,-70.93017442,84:d4:7e:61:e4:62
43.13317579,-70.93017442,40:e3:d6:67:c3:40
43.13317579,-70.93017442,40:e3:d6:67:c3:42
43.13317579,-70.93017442,84:d4:7e:62:30:11
43.13317579,-70.93017442,84:d4:7e:61:e4:61
43.13322208,-70.93009788,84:d4:7e:63:12:d2
43.13322208,-70.93009788,84:d4:7e:63:12:d0
43.13322208,-70.93009788,84:d4:7e:61:e1:50
43.13322208,-70.93009788,84:d4:7e:63:12:d1
43.13322208,-70.93009788,84:d4:7e:61:e1:51
43.13322208,-70.93009788,b4:5d:50:05:e0:41
43.1333209,-70.93001021,84:d4:7e:61:e0:80
43.1333209,-70.93001021,84:d4:7e:61:e0:82
43.1333209,-70.93001021,02:fc:8b:16:b3:2a
43.1333209,-70.93001021,30:8d:99:fb:d8:9d
43.13358112,-70.9296824,84:d4:7e:62:2e:90
43.13358112,-70.9296824,84:d4:7e:62:2e:92
43.13373039,-70.92951965500001,fc:15:b4:3e:3f:1e
43.13358112,-70.9296824,84:d4:7e:62:2e:91
43.13387966,-70.92935691,dc:ef:09:d7:40:76
43.13387966,-70.92935691,5c:b9:01:57:db:ca
43.13387966,-70.92935691,b6:7c:9c:af:cf:f8
43.13390109,-70.92930724,40:e3:d6:53:57:f0
43.13390109,-70.92930724,40:e3:d6:53:57:f2
43.13390109,-70.92930724,40:e3:d6:53:57:f1
43.134015515,-70.92923666,08:10:75:d5:83:57
43.13393076,-70.92928592,a8:bd:27:34:69:e1
43.13398141,-70.92926314,da:0e:90:e3:f1:ca
43.13402487,-70.9292291,a8:bd:27:34:6b:c2
43.13402487,-70.9292291,a8:bd:27:34:6b:c0
43.13402487,-70.9292291,a8:bd:27:34:6b:c1
43.13413613,-70.92917029,a8:bd:27:34:6b:d0
43.13413613,-70.92917029,a8:bd:27:34:6b:d2
43.13413613,-70.92917029,a8:bd:27:34:31:21
43.13419452,-70.92915104,44:48:c1:82:98:d1
43.13419452,-70.92915104,44:48:c1:92:63:b0
43.134212415,-70.929140585,44:48:c1:82:98:d0
43.13419452,-70.92915104,44:48:c1:92:63:b2
43.134212415,-70.929140585,44:48:c1:82:98:d2
43.13433337,-70.92912395,a8:bd:27:34:69:e2
43.13457735,-70.92915971,ec:b1:d7:d5:95:ee
43.13462659,-70.92916242,a8:bd:27:34:3c:a1
43.13591634333333,-70.92986795666667,00:0d:67:7c:95:cc
43.13508873,-70.92897812,cc:35:40:6a:ae:09
43.13506968666667,-70.92897792999999,ce:35:40:6a:ae:0b
43.13476319,-70.92919455,f0:ab:54:b5:f9:d0
43.135033605000004,-70.92900805,c0:7c:d1:88:75:db
43.135334615,-70.92897684,c0:7c:d1:88:75:de
43.13520935,-70.92888804500001,c0:7c:d1:88:75:dd
43.1350602,-70.929007385,2a:05:01:da:a6:98
43.1350602,-70.929007385,26:05:01:da:a6:98
43.135225245,-70.928889795,c0:7c:d1:88:75:da
43.13489313,-70.92919806,b4:5d:50:e4:5b:80
43.135014945,-70.929105515,b4:5d:50:e4:5b:82
43.13526362,-70.928892215,b0:5a:da:69:5f:5f
43.13489313,-70.92919806,10:da:43:e9:32:68
43.135247725,-70.928890465,c0:7c:d1:88:75:d8
43.135014945,-70.929105515,b4:5d:50:e4:5b:81
43.13492173,-70.9291827,b4:5d:50:e4:83:50
43.13492173,-70.9291827,b4:5d:50:e4:56:32
43.13492173,-70.9291827,b4:5d:50:e4:83:52
43.13492173,-70.9291827,60:02:92:df:6e:30
43.13492173,-70.9291827,b4:5d:50:e4:83:51
43.13542829,-70.92899425499999,60:02:92:e1:11:02
43.13492173,-70.9291827,d4:5d:df:6e:8c:ca
43.13497886,-70.92918327,1e:51:a4:d3:c0:39
43.13497886,-70.92918327,b4:5d:50:e4:5b:90
43.13497886,-70.92918327,b4:5d:50:e4:5b:92
43.13497886,-70.92918327,10:05:01:da:a6:98
43.13497886,-70.92918327,1e:05:01:da:a6:98
43.13497886,-70.92918327,a8:bd:27:34:66:42
43.13580582,-70.9291251275,84:00:2d:44:c6:7e
43.13497886,-70.92918327,b4:5d:50:e4:5b:91
43.13497886,-70.92918327,b4:5d:50:e4:56:21
43.13513676,-70.92901297,fc:51:a4:d3:c0:39
43.13513676,-70.92901297,b4:5d:50:e4:83:42
43.13513676,-70.92901297,b4:5d:50:e4:83:40
43.13513676,-70.92901297,1e:51:a4:d3:c0:38
43.13513676,-70.92901297,ec:aa:a0:d8:d9:08
43.13513676,-70.92901297,ec:aa:a0:d8:d9:0b
43.135978815,-70.929242965,e8:91:20:f6:f1:9e
43.13513676,-70.92901297,0e:51:a4:d3:c0:39
43.13513676,-70.92901297,b4:5d:50:e4:83:41
43.13530402,-70.92882155,a8:bd:27:34:2f:f0
43.13530402,-70.92882155,a8:bd:27:34:2f:f2
43.13530402,-70.92882155,3e:51:a4:d3:c0:38
43.13608147333333,-70.92910574666666,84:00:2d:44:c6:7d
43.13530402,-70.92882155,34:1f:e4:e4:d4:24
43.13530402,-70.92882155,a8:bd:27:34:2f:f1
43.13530402,-70.92882155,1a:05:01:da:a6:98
43.13530402,-70.92882155,60:02:92:df:6e:32
43.13530402,-70.92882155,ec:aa:a0:d8:d9:0a
43.13530402,-70.92882155,ec:aa:a0:49:32:3a
43.13533282,-70.92883076,84:00:2d:44:c6:82
43.13533282,-70.92883076,84:00:2d:44:c6:83
43.13533282,-70.92883076,60:02:92:e1:11:00
43.13533282,-70.92883076,84:00:2d:44:c6:81
43.13560232,-70.92858287,ec:aa:a0:d8:d9:10
43.13560232,-70.92858287,10:05:01:da:a6:a0
43.135618214999994,-70.92858462000001,a8:bd:27:34:38:72
43.13560232,-70.92858287,b4:5d:50:e5:1c:30
43.135618214999994,-70.92858462000001,a8:bd:27:34:38:70
43.13560232,-70.92858287,3a:f7:3d:ef:82:2a
43.1361193,-70.92900660000001,84:00:2d:44:c6:7b
43.13560232,-70.92858287,22:05:01:da:a6:a0
43.13560232,-70.92858287,44:48:c1:82:79:f0
43.13560232,-70.92858287,44:48:c1:82:79:f2
43.13560232,-70.92858287,a8:bd:27:34:38:62
43.13560232,-70.92858287,6a:37:e9:dc:59:28
43.13560232,-70.92858287,a8:bd:27:34:38:60
43.135768584999994,-70.92869433999999,44:48:c1:82:79:e0
43.13560232,-70.92858287,10:56:11:0d:5d:b7
43.135768584999994,-70.92869433999999,44:48:c1:82:79:e2
43.13560232,-70.92858287,32:56:11:0d:5d:b6
43.13560232,-70.92858287,74:85:2a:7d:eb:cd
43.13560232,-70.92858287,44:48:c1:82:79:f1
43.13560232,-70.92858287,a8:bd:27:34:38:61
43.13560232,-70.92858287,a8:bd:27:34:24:41
43.13560232,-70.92858287,74:85:2a:7d:eb:ca
43.13563411,-70.92858637,a8:bd:27:34:24:42
43.13563411,-70.92858637,a8:bd:27:34:38:71
43.13585285,-70.92876046,f0:ab:54:8e:19:aa
43.13585285,-70.92876046,88:ad:43:11:74:1d
43.13593485,-70.92880581,44:48:c1:82:79:e1
43.13597251,-70.92885518,44:48:c1:ac:da:f0
43.13597251,-70.92885518,44:48:c1:ac:da:f2
43.13597251,-70.92885518,44:48:c1:82:94:12
43.13597251,-70.92885518,44:48:c1:82:94:10
43.13597251,-70.92885518,a8:bd:27:34:34:02
43.13597251,-70.92885518,44:48:c1:82:94:02
43.13597251,-70.92885518,a0:63:91:44:d8:e5
43.13597251,-70.92885518,44:48:c1:82:94:11
43.13597251,-70.92885518,a8:bd:27:34:34:01
43.13612161,-70.92896766,a8:bd:27:34:2a:12
43.13612161,-70.92896766,a8:bd:27:34:2a:10
43.13612161,-70.92896766,a8:bd:27:34:2a:02
43.13612161,-70.92896766,a8:bd:27:34:2a:00
43.13612161,-70.92896766,44:48:c1:82:94:00
43.13612161,-70.92896766,44:48:c1:ac:da:e2
43.13612161,-70.92896766,44:48:c1:ac:da:e0
43.13612161,-70.92896766,a8:bd:27:34:2a:11
43.13612161,-70.92896766,a8:bd:27:34:2a:01
43.13612161,-70.92896766,44:48:c1:82:94:01
43.13612161,-70.92896766,44:48:c1:ac:da:e1
43.13628972666667,-70.92906843333333,9a:22:64:d7:36:25
43.13615624,-70.92897074,a8:bd:27:34:24:12
43.13615624,-70.92897074,a8:bd:27:34:24:10
43.13615624,-70.92897074,b4:5d:50:e3:2e:a2
43.13615624,-70.92897074,84:00:2d:44:c6:78
43.13615624,-70.92897074,a8:bd:27:34:24:11
43.13615624,-70.92897074,84:00:2d:44:c6:7a
43.13630412,-70.92906536,b4:5d:50:e2:f6:10
43.13630412,-70.92906536,b4:5d:50:e2:f6:12
43.13630412,-70.92906536,b4:5d:50:e2:f6:02
43.13630412,-70.92906536,b4:5d:50:e2:f6:11
43.13630412,-70.92906536,a8:bd:27:34:24:01
43.13632643,-70.92909665,b4:5d:50:e3:0f:32
43.13632643,-70.92909665,b4:5d:50:e3:0f:30
43.136363265,-70.929112285,b4:5d:50:e2:f8:90
43.13632643,-70.92909665,b4:5d:50:e2:f8:91
43.13632643,-70.92909665,b4:5d:50:e3:0f:31
43.13632643,-70.92909665,b4:5d:50:e5:1c:31
43.13632643,-70.92909665,b4:5d:50:e2:ed:21
43.13634747,-70.92910972,b4:5d:50:e2:f8:92
43.136488025,-70.92961993,b4:5d:50:e3:2e:b2
43.136488025,-70.92961993,b4:5d:50:e3:2e:b0
43.136491875,-70.929270025,b4:5d:50:e2:fd:42
43.136491875,-70.929270025,b4:5d:50:e2:fd:40
43.136488025,-70.92961993,b4:5d:50:e3:2e:b1
43.136491875,-70.929270025,b4:5d:50:e2:fd:41
43.13638009,-70.92914489,b4:5d:50:e5:1c:32
43.13638009,-70.92914489,b4:5d:50:e2:f8:82
43.1364001,-70.92912792,84:d4:7e:72:41:20
43.13649797,-70.9292025,52:56:11:0d:5d:b6
43.13667551,-70.929442315,b4:5d:50:e2:f6:d2
43.13663628,-70.92943033,b4:5d:50:e5:1b:d2
43.13663628,-70.92943033,84:d4:7e:75:65:b0
43.13667551,-70.929442315,b4:5d:50:e2:f6:d0
43.13663628,-70.92943033,40:e3:d6:64:44:30
43.13663628,-70.92943033,84:d4:7e:75:65:b2
43.13663628,-70.92943033,40:e3:d6:64:44:32
43.13663628,-70.92943033,84:d4:7e:75:10:42
43.13663628,-70.92943033,84:d4:7e:75:10:40
43.13667551,-70.929442315,b4:5d:50:e2:f6:c2
43.13667551,-70.929442315,b4:5d:50:e2:f6:d1
43.13663628,-70.92943033,40:e3:d6:64:44:31
43.13663628,-70.92943033,84:d4:7e:75:65:b1
43.13673067,-70.929441455,84:d4:7e:75:10:41
43.13671554,-70.92945345999999,40:e3:d6:53:ce:11
43.13671474,-70.9294543,40:e3:d6:64:38:90
43.13671474,-70.9294543,40:e3:d6:64:38:92
43.13671474,-70.9294543,b4:5d:50:e2:ef:d0
43.13671474,-70.9294543,b4:5d:50:e3:37:10
43.13671474,-70.9294543,b4:5d:50:e2:ef:d2
43.13671474,-70.9294543,b4:5d:50:e3:37:12
43.13674077,-70.929513525,b4:5d:50:e3:2e:72
43.13671474,-70.9294543,b4:5d:50:e3:2e:70
43.13671474,-70.9294543,b4:5d:50:e2:f6:c0
43.13671474,-70.9294543,b4:5d:50:e2:ef:c0
43.136769900000004,-70.92945344,b4:5d:50:e3:2e:62
43.136769900000004,-70.92945344,b4:5d:50:e3:2e:60
43.13671474,-70.9294543,84:d4:7e:75:65:a2
43.13671474,-70.9294543,40:e3:d6:64:38:91
43.13671474,-70.9294543,b4:5d:50:e3:37:11
43.13671474,-70.9294543,b4:5d:50:e2:ef:d1
43.13671474,-70.9294543,b4:5d:50:e3:2e:71
43.13671474,-70.9294543,b4:5d:50:e2:f6:c1
43.136767805000005,-70.92946363,40:e3:d6:53:87:51
43.13671474,-70.9294543,84:d4:7e:75:65:a1
43.13671474,-70.9294543,40:e3:d6:53:31:e1
43.13671474,-70.9294543,84:d4:7e:75:61:41
43.136685195,-70.93050591,00:0d:67:7c:95:bd
43.13682506,-70.92945258,84:d4:7e:79:14:30
43.13682506,-70.92945258,84:d4:7e:79:14:32
43.13682506,-70.92945258,84:d4:7e:79:14:31
43.1367677,-70.92954959,b4:5d:50:e3:2e:61
43.13682087,-70.92947296,00:0d:67:7c:95:c4
43.13682087,-70.92947296,b4:5d:50:e7:79:30
43.13682087,-70.92947296,b4:5d:50:e7:79:32
43.13682087,-70.92947296,40:e3:d6:53:87:52
43.136807835,-70.92947477499999,84:d4:7e:75:11:f2
43.136765605,-70.92955978,84:d4:7e:79:14:22
43.136765605,-70.92955978,84:d4:7e:79:14:20
43.13682087,-70.92947296,b4:5d:50:e2:f0:c0
43.13682087,-70.92947296,40:e3:d6:53:31:e2
43.13682087,-70.92947296,b4:5d:50:e2:f0:c2
43.13682087,-70.92947296,b4:5d:50:e7:b0:c2
43.13682087,-70.92947296,b4:5d:50:e7:b0:c0
43.13682087,-70.92947296,80:2a:a8:51:d9:7d
43.13682087,-70.92947296,b4:5d:50:e2:f8:80
43.13682087,-70.92947296,90:84:0d:dc:dc:23
43.136572205,-70.93029963000001,00:0d:67:7c:95:c0
43.13682087,-70.92947296,00:0d:67:7c:95:be
43.13682087,-70.92947296,00:0d:67:7c:95:bf
43.13682087,-70.92947296,b4:5d:50:e7:79:31
43.13682087,-70.92947296,40:e3:d6:67:7a:91
43.13655615333334,-70.93035745666667,00:0d:67:7c:95:c7
43.13682087,-70.92947296,40:e3:d6:64:44:21
43.13677583333333,-70.92953195666666,84:d4:7e:79:14:21
43.13682087,-70.92947296,b4:5d:50:e2:f8:81
43.13682087,-70.92947296,b4:5d:50:e7:b0:c1
43.13682087,-70.92947296,02:2b:6b:27:24:26
43.13679629,-70.92947631,b4:5d:50:e5:16:70
43.13679629,-70.92947631,b4:5d:50:e5:16:72
43.13679629,-70.92947631,40:e3:d6:53:87:50
43.13679629,-70.92947631,b4:5d:50:e5:16:71
43.136559915,-70.930301305,00:0d:67:7c:95:c6
43.136807375000004,-70.92946069499999,40:e3:d6:67:9b:71
43.13679629,-70.92947631,84:d4:7e:79:14:01
43.13679629,-70.92947631,40:e3:d6:53:b3:30
43.13659391,-70.93015230500001,00:0d:67:7c:95:c5
43.13679629,-70.92947631,40:e3:d6:53:b8:91
43.13679629,-70.92947631,40:e3:d6:53:b3:31
43.13679629,-70.92947631,b4:5d:50:e3:37:01
43.13679629,-70.92947631,b4:5d:50:e2:ef:c1
43.1367948,-70.92947659,40:e3:d6:53:ce:12
43.1367948,-70.92947659,84:d4:7e:75:60:10
43.1367948,-70.92947659,84:d4:7e:75:60:12
43.1367948,-70.92947659,40:e3:d6:61:62:32
43.1367948,-70.92947659,40:e3:d6:67:7a:92
43.1367948,-70.92947659,40:e3:d6:67:7a:90
43.1367948,-70.92947659,84:d4:7e:75:11:f0
43.1367948,-70.92947659,84:d4:7e:75:11:e0
43.1367948,-70.92947659,40:e3:d6:53:ce:10
43.1367948,-70.92947659,84:d4:7e:75:60:11
43.1367948,-70.92947659,84:d4:7e:75:11:f1
43.1367948,-70.92947659,fa:8f:ca:62:f7:97
43.13681564,-70.92944738,40:e3:d6:64:33:70
43.13681564,-70.92944738,b4:5d:50:e2:ef:c2
43.13681564,-70.92944738,22:f5:43:58:ba:58
43.13681564,-70.92944738,a8:bd:27:34:2d:91
43.13681846,-70.92944508,40:e3:d6:53:89:b0
43.13681846,-70.92944508,40:e3:d6:64:50:12
43.13681846,-70.92944508,40:e3:d6:53:89:b2
43.13681846,-70.92944508,40:e3:d6:67:9b:70
43.13681846,-70.92944508,40:e3:d6:53:31:e0
43.13681846,-70.92944508,40:e3:d6:53:b3:32
43.13681846,-70.92944508,40:e3:d6:53:89:b1
43.1367668,-70.92957275,40:e3:d6:67:94:92
43.1367668,-70.92957275,6a:37:e9:52:91:0f
43.13671034,-70.9296466,84:d4:7e:79:14:10
43.13671034,-70.9296466,84:d4:7e:79:14:12
43.13671034,-70.9296466,40:e3:d6:56:5b:f2
43.13671034,-70.9296466,96:57:a5:0e:46:70
43.13671034,-70.9296466,b4:5d:50:e5:1b:c0
43.136624510000004,-70.9300231,b0:a7:37:95:57:8d
43.13671034,-70.9296466,b4:5d:50:e5:1b:d1
43.13671034,-70.9296466,84:d4:7e:79:14:11
43.13671034,-70.9296466,b4:5d:50:e5:1b:c1
43.13662858,-70.93013014,40:e3:d6:56:72:d2
43.13662858,-70.93013014,40:e3:d6:64:83:d2
43.13662858,-70.93013014,40:e3:d6:56:72:d0
43.13662858,-70.93013014,40:e3:d6:64:83:d0
43.13662858,-70.93013014,40:e3:d6:67:94:10
43.13662858,-70.93013014,40:e3:d6:67:94:12
43.13662858,-70.93013014,b4:5d:50:e5:1b:c2
43.13662858,-70.93013014,40:e3:d6:56:72:d1
43.13662858,-70.93013014,40:e3:d6:64:83:d1
43.13662858,-70.93013014,40:e3:d6:67:94:11
43.1366126,-70.93015959,00:15:ff:e7:56:49
43.136817125,-70.93144853000001,90:72:40:0e:6f:68
43.13657729,-70.93110283499999,b4:5d:50:05:e6:d2
43.136566636666664,-70.93125497,b4:5d:50:05:e6:d0
43.13657729,-70.93110283499999,b4:5d:50:05:e6:d1
43.13655738,-70.93136711,b4:5d:50:05:e6:c2
43.13655738,-70.93136711,b4:5d:50:05:e6:c0
43.13639153,-70.9308283,34:fc:b9:75:e9:c2
43.13639153,-70.9308283,34:fc:b9:75:e9:d0
43.13639153,-70.9308283,84:d4:7e:75:0f:a1
43.13639153,-70.9308283,34:fc:b9:75:e9:c0
43.13628067,-70.93104495,34:fc:b9:75:dc:41
43.13628067,-70.93104495,34:fc:b9:75:dc:42
43.13628067,-70.93104495,34:fc:b9:75:dc:e2
43.13654481,-70.93156114333334,b4:5d:50:05:e5:60
43.13628067,-70.93104495,90:84:0d:d9:d9:c1
43.13628067,-70.93104495,34:fc:b9:75:dc:40
43.13632354,-70.9311263,34:fc:b9:75:dc:51
43.13632354,-70.9311263,34:fc:b9:75:dc:52
43.13632354,-70.9311263,34:fc:b9:75:dc:50
43.13654533,-70.93155924,f4:30:b9:b5:50:dc
43.13654533,-70.93155924,40:e3:d6:65:71:f1
43.13654533,-70.93155924,00:0d:67:7c:95:c8
43.13663053,-70.93173256,40:e3:d6:56:31:d0
43.13663053,-70.93173256,40:e3:d6:56:31:d2
43.13663053,-70.93173256,40:e3:d6:56:31:d1
43.13663053,-70.93173256,2c:44:fd:d1:92:fe
43.136738824999995,-70.931950445,f4:30:b9:32:39:03
43.136804435,-70.93209486,f0:ab:54:a4:64:e6
43.13667253,-70.93179715,b4:5d:50:05:e6:c1
43.13672323,-70.93190592,b4:5d:50:05:e5:61
43.13680512,-70.93210374,40:e3:d6:54:2b:12
43.13680512,-70.93210374,40:e3:d6:54:2b:10
43.13680512,-70.93210374,36:d2:70:89:f8:70
43.13680512,-70.93210374,fc:15:b4:3b:70:e1
43.13680512,-70.93210374,f4:30:b9:ef:50:ec
43.13680512,-70.93210374,40:e3:d6:54:2b:11
43.13706982,-70.932658625,40:e3:d6:54:2b:01
43.13693634,-70.93239257,40:e3:d6:56:2e:20
43.13693634,-70.93239257,30:8d:99:84:d5:90
43.13693634,-70.93239257,40:e3:d6:56:2e:22
43.13693634,-70.93239257,40:e3:d6:56:2e:21
43.13699506,-70.93251648,40:e3:d6:56:2e:32
43.13699506,-70.93251648,40:e3:d6:56:2e:30
43.13699506,-70.93251648,40:e3:d6:54:2b:02
43.13699506,-70.93251648,40:e3:d6:54:2b:00
43.13699506,-70.93251648,40:e3:d6:56:2e:31
43.13706201,-70.93260394,40:e3:d6:53:e2:52
43.137083340000004,-70.93264963,40:e3:d6:53:dd:f1
43.13709939,-70.93266579,a0:8c:fd:09:11:16
43.13709939,-70.93266579,40:e3:d6:53:18:81
43.13710467,-70.93269532,40:e3:d6:53:dd:f2
43.13710467,-70.93269532,40:e3:d6:56:32:52
43.13710467,-70.93269532,40:e3:d6:56:32:50
43.13710467,-70.93269532,34:64:a9:88:ca:ad
43.13710467,-70.93269532,40:e3:d6:56:32:51
43.13717942,-70.93286014,40:e3:d6:54:11:72
43.13717942,-70.93286014,40:e3:d6:54:11:70
43.13717942,-70.93286014,40:e3:d6:53:dd:e0
43.13717942,-70.93286014,40:e3:d6:53:dd:e2
43.13717942,-70.93286014,40:e3:d6:53:ec:31
43.13717942,-70.93286014,40:e3:d6:54:11:71
43.13723929,-70.93300645,40:e3:d6:53:bb:90
43.13723929,-70.93300645,40:e3:d6:53:bb:91
43.13742612,-70.93339045,40:e3:d6:54:9b:d2
43.13742612,-70.93339045,b4:5d:50:d9:af:12
43.13742612,-70.93339045,40:e3:d6:54:9b:d0
43.13742612,-70.93339045,fc:3f:db:13:c8:80
43.13742612,-70.93339045,40:e3:d6:53:18:80
43.13742612,-70.93339045,40:e3:d6:53:18:82
43.1376497,-70.93362837000001,b4:5d:50:17:c2:11
43.1375549,-70.93366119,84:d4:7e:79:4c:c1
43.13765115,-70.93360408,b4:5d:50:e5:17:00
43.13765115,-70.93360408,b4:5d:50:e5:17:02
43.13765115,-70.93360408,b4:5d:50:e5:17:01
43.13787328,-70.93386629,b4:5d:50:e5:17:12
43.13787328,-70.93386629,b4:5d:50:e5:17:10
43.13787328,-70.93386629,a8:bd:27:34:2c:70
43.13787328,-70.93386629,a8:bd:27:34:2c:72
43.13787328,-70.93386629,84:d4:7e:79:4c:d2
43.13787328,-70.93386629,a8:bd:27:34:2c:60
43.13787328,-70.93386629,84:d4:7e:79:4c:c2
43.13787328,-70.93386629,b4:5d:50:e5:17:11
43.13787328,-70.93386629,a8:bd:27:34:2c:71
43.13787328,-70.93386629,02:2d:6d:78:e0:77
43.13787328,-70.93386629,5c:b9:01:5e:0b:67
43.13799444,-70.93416125,a8:bd:27:34:2b:c1
43.13799444,-70.93416125,b4:5d:50:e3:12:e1
43.13830812,-70.93488522,3e:35:16:56:65:65
43.138572104999994,-70.93546905,b4:5d:50:e4:c8:a2
43.138572104999994,-70.93546905,b4:5d:50:e4:c8:a0
43.138572104999994,-70.93546905,b4:5d:50:e4:c8:a1
43.13830812,-70.93488522,00:1b:2f:01:c7:52
43.138387835,-70.93505365,f0:ab:54:2a:1a:c8
43.13837042,-70.93498235,b4:5d:50:e4:c8:e2
43.13837042,-70.93498235,b4:5d:50:e4:c8:e0
43.13837042,-70.93498235,b4:5d:50:e4:c8:e1
43.13837288,-70.93502652,b4:5d:50:d9:9e:52
43.13883609,-70.93605288,b4:5d:50:d9:a9:22
43.139061115000004,-70.93653298999999,f0:ab:54:70:73:4b
43.13918617,-70.93658468,f0:ab:54:ab:88:9d
